year,month,day,amount,year_value
2021,2,24,1169,2021.1666666666667
2021,2,25,1170,2021.1666666666667
